{
	"ParameterFile": {
		"Description": "RunTime parameters. Refer to documentation for details on allowed values",
		"revision": "10.1",
		"Environment": {
			"ProductName": "H",
			"OperatingSystem" : "",
			"BaseMapDirectory": "",
			"BaseExitDirectory": "/data/maps/hipaa/maps/",
			"DataBaseQueryType": "MONGO"
		},
		"GeneralValidation": {
			"Validation": {
				"Description": "allowed values are M, C, or B",
				"Method": "M"
			},
			"RejectUnsupported5010Version": true,
			"IgnoreWhitespace": false,
			"BINSegXMLValidation": 
			{
				"Enabled" : false,
				"SchemaOrWellFormed": "Schema"
			},
			"DuplicateISAChecks": true,
			"DuplicateGSChecks": false,
			"DuplicateSTChecks": {
				"Description": "allowed values are Transaction or FunctionalGroup",
				"Enabled": true,
				"Level": "Transaction"
			},
			"ClaimLevelRejection": {
				"Description": "Values for Level are All or Claim",
				"Enabled": false,
				"Level": "All",
				"DuplicateCLMCheckFullSegment":false
			}
		},
		"ValidationLevels": {
			"Type1": {
				"Enabled": false
			},
			"Type2": {
				"Enabled": true,
				"RelaxedStructureCheck": false
			},
			"Type3": {
				"Enabled": true
			},
			"Type4": {
				"Enabled": true
			},
			"Type5": {
				"Enabled": false
			},
			"Type6": {
				"Enabled": false
			},
			"Type7": {
				"Enabled": false,
				"RejectLevel": "Errors",
				"ExitType": "Java",
				"ExitName": "",
				"ExitFunction": ""
			}
		},
		"Acknowledgments": {
			"TA1": {
				"Enabled" : true,
				"WhenIfEnabled": "Errors",
				"Separate": true
			},
			"997": 
			{
				"Enabled": false,
				"WhenIfEnabled": "Errors",
				"DetailMax": 9999
			},
			"HIPAA_TA1": {
				"Enabled" : false,
				"WhenIfEnabled": "Errors"
			},
			"999": {
				"Enabled": true,
				"WhenIfEnabled": "Always",
				"DetailMax": 9999
			},
			"824" : {
				"Enabled" : false,
				"WhenIfEnabled" : "E",
				"GS08" : "Standard",
				"DetailMax" : 9999
			},
			"277CA": {
				"Description": "Values for Level are Provider, Claim, or All",
				"Notes" :" Claim or All can impact performance",
				"Enabled": true,
				"WhenIfEnabled": "Errors",
				"Level": "Provider",
				"UniqueBHT03" : false
			},
			"Tack": {
				"Enabled": true,
				"WhenIfEnabled": "Errors",
				"IncludeAccepted": false,
				"TAck_EDI": "Partial",
				"HTMLOrJSON": "HTML"
			},
			"LoopIDInAck": {
				"Enabled": true,
				"includeIDForAll": false
			},
			"AckFunctionalGroups":{
				"IncludeGS06": false,
				"UseInputFunctionalGroups": false
			},
			"IncludeISA13InAcks":false
						
		},
		"Tuning": {
			"Paging": "-P64:8",
			"Audit": "-AEWU",
			"WorkFile": "-WDU",
			"LengthOfDataElementInError": 50
		}
	}
}
