title,release_year,director
"Harry Potter and the Philosopher's Stone",2001,Chris Columbus
"Harry Potter and the Chamber of Secrets",2002,Chris Columbus
"Harry Potter and the Prisoner of Azkaban",2004,Alfonso Cuarón
"Harry Potter and the Goblet of Fire",2005,Mike Newell
"Harry Potter and the Order of the Phoenix",2007,David Yates
"Harry Potter and the Half-Blood Prince",2009,David Yates
"Harry Potter and the Deathly Hallows: Part 1",2010,David Yates
"Harry Potter and the Deathly Hallows: Part 2",2011,David Yates